Play name,QB,HB,FB,WR1,WR2,TE,C,LG,RG,LT,RT
PRO T WAGGLE R,FB Fake-Rollout Right,Right Flat sitdown,Fake Handoff-pass block?,17 yd curl,14 yd curl,Block-ROLB,Block-NT,Pull right-Block-RCB,Pull right-pass block,Block-RE,Pull right-Block-LILB
ROLL OUT R,HB Fake-Rollout Left,Fake handoff-Left Fly,Pass block,16 yd slant sitdown,Fly,8 yd slant sitdown,Block-NT,Block-RE,Passblock,Block-ROLB,Passblock
ROLL OUT L,HB Fake-Rollout Left,Fake Handoff-pass block,5 yd out,Fly,19 yd in sitdown,9 yd Left cross,Block LOLB,Block NT,Block LE,Block RE,Block LOLB
T PLAYACTION D,FB Fake-Dropback,Wheel right-15 yd sit down,Fake Handoff-short-middle curl,10 yd slant (right)-sitdown,Fly,Passblock,Block NT,Block RILB,Block LILB,Block RE,Block LE
PRO T SCREEN L,Dropback,Swing left,Pass block,fly,12 yd curl,10 yd slant (right)-sitdown,Pause- Face- Passblock,Pause- Face- Passblock,Pause- Face- Passblock,Pause- Face- Passblock,Pause- Face- Passblock
PLAY ACTION,FB Fake-Dropback,Passblock-middle,Fake Handoff-short-middle curl,Fly,12 yd curl,Run forwardBlock LOLB,Run Forward-Block NT,Block RILB,Run Forward- Block LILB,Block RE,Run Forward- Block LE
PRO T WAGGLE L,HB Fake-Rollout Left,Fake Handoff-decoy,Left 5 yd sitdown,Fly,10 yd Left in,Pull left-Block RE,Pull left-Block LE,Pull left-Block LCB,Pull left-Block SS,Pull left-Block NT,Block LOLB
R AND S FLARE C,Dropback,Swing left,5yd slant-sitdown,Fake left in-fly,in & up,out-up-stop (15 yd),Passblock,Passblock,Passblock,Passblock,Passblock
SHOTGUN X CURL,Shotgun,Swing left,5 yd curl,15 yd curl,15 yd curl,5 yd curl,Passblock,Passblock,Passblock,Passblock,Passblock
SHOTGUN X CURL,Shotgun,Swing left,5 yd curl,15 yd curl,15 yd curl,5 yd curl,Passblock,Passblock,Passblock,Passblock,Passblock
R AND S Z FLY,Dropback,Passblock-middle,Fly,10 yd sitdown,Fly,10 yd sitdown,Passblock,Passblock,Passblock,Passblock,Passblock
PRO T FLARE D,Dropback,Swing left,Swing right,Post,Hump,9 yd in-sitdown,Passblock,Passblock,Passblock,Passblock,Passblock
OFFSET FLARE E,Dropback,Circle?,Swing right,15 yd curl,Fly,Passblock,Passblock,Passblock,Passblock,Passblock,Passblock
ONEBACK Z CROSS,Dropback,in & out,Fly,Out & Up,Middle sitdown,Passblock,Passblock,Passblock,Passblock,Passblock,Passblock
ONEBACK FLARE A,Dropback,Passblock-middle,10 yd slant (right)-sitdown,15 yd curl,Post,Passblock,Passblock,Passblock,Passblock,Passblock,Passblock
PWR FAKE Z POST,HB Fake-Dropback,16 yd middle,Passblock,12 yd in,Post,Block LE,Passblock,Block-RE,Block-NT,Block-ROLB,Block-LILB
WTE F-FLICKER,Fleaflicker,Fleaflicker,Passblock,Fly,in & up,Passblock,Block-NT,Block-RILB,Block-LILB,Block-RE,Passblock
SHOTGUN X DRIVE,Shotgun,Swing left,5 yd curl,Fly,10 yd Left in,Fly,Passblock,Passblock,Passblock,Passblock,Passblock
R AND S 3-WING,Dropback,Passblock-middle,Chair,Fly,Fly,10 yd in,Passblock,Passblock,Passblock,Passblock,Passblock
PLAYACTION Z IN,HB Fake middle-dropback,Fake handoff middle-Fly,7 yd curl,Fly,12 yd in,Block LOLB,Pull left-Block-NT,Block RILB,Run Forward- Block LILB,Block RE,Run Forward- Block LE
FLEAFLICKER,Fleaflicker,Fleaflicker,5yd curl,12 yd in,Post,Block LCB,Block-LILB,Block NT,Block LE,Block-RE,Block LOLB
PRO T FLARE C,Dropback,Passblock-middle,Circle,Fly,15 yd curl,10 yd in,Passblock,Passblock,Passblock,Passblock,Passblock
SHOTGUN 3-WING,Shotgun,5yd out,12 yd curl,Top-Post-thing,Post,10 yd in,Passblock,Passblock,Passblock,Passblock,Passblock
T FLEAFLICKER,Sweep flicker,Sweep flicker-pass block,4 yd up & stop,Fly,12 yd in,Pull right-Block RE,Pull right-Block-LE,Pull left-Block LCB,Pull left-Block SS,Pull right-Block-NT,Block LOLB
PWR FAKE X FLY,HB Fake-Dropback,Fake Handoff-Fly,Passblock,Fly,Fly,12 yd in,Passblock,Block-RE,Block-NT,Block-ROLB,Passblock
X OUT AND FLY,Dropback,8 yd circle,4 yd up & stop,in & up,Fly,15 yd in,Passblock,Passblock,Passblock,Passblock,Passblock
REV FAKE Z POST,HB pitch-Dropback,Pitch left-WR handoff-17 yd sitdown,Passblock,Reverse-pitch to QB,Fly,Passblock,Passblock,Passblock,Passblock,Passblock,Passblock
SLOT L Z DRIVE,Dropback,Post, -2 yd sitdown,Fly,13 yd in,8 yd sitdown,Passblock,Passblock,Passblock,Passblock,Passblock
NO BACK X DEEP,Dropback,in & out,Chair,15 yd curl,Fly,Passblock,Passblock,Passblock,Passblock,Passblock,Passblock
SHOTGUN Z S-IN,Shotgun,Sitdown,15 yd in,Fly,9 yd in,Fly,Passblock,Passblock,Passblock,Passblock,Passblock
REDGUN Z SLANT,Shotgun,Swing & sit,15 yd in,8 yd up & down,Fly,Fly,Passblock,Passblock,Passblock,Passblock,Passblock
SHOTGUN XY BOMB,Shotgun,15 yd Sitdown,15 yd in,Fly,Fly,Out & post,Passblock,Passblock,Passblock,Passblock,Passblock
R AND S Y UP,Dropback,Swing left,8 yd in,Top Post,Fly,Fly,Passblock,Passblock,Passblock,Passblock,Passblock
10,FB-Middle-Fake; Pitch-HB Right,Pitch Right,Fake handoff middle,Set To Block,Block-LOLB,Block-ROLB,Block-NT,Block-RILB,Block-LILB,Block-RE,Block-LE
50,FB-Middle-Fake; Pitch-HB Right,Pitch Right,Fake handoff middle,Set To Block,Block-LOLB,WaitForContact,Block-NT,Block-RILB,Block-LILB,Block-RE,Block-LE
11,Handoff-HB,Sweep Right,Up & sitdown,Block-RCB,Block-SS,Block-RE,Block-LE,???-Block-LCB,???-Block-SS;,Block-NT,Block-LOLB
12,Handoff-HB,Take Handoff; Off Gurad Right,Passblock,Block-RCB,Block-SS,PassBlock,Block-NT,Block-RILB, Block-LILB,Block-RE,???-PassBlock
13,Handoff-HB,Take Handoff; Off Gurad Left,q,Block-RCB,Block-SS,q,q,q,q,q,q
14,Pitch-HB,Take Pitch Left,Block-ROLB,Boost-HP(10);  Block-RCB,Block-FS,Block-LOLB,q,q,q,Block-ROLB,Block-LE
52, Pitch-HB,Take Pitch Left,Block-ROLB, Block-RCB,Block-FS,WaitForContact,q,q,q,Block-ROLB,Block-LE
51,Pitch-HB,Take Pitch Left,Block-ROLB,Block-RCB,Block-FS,WaitForContact,q,q,q,Block-ROLB,Block-LE
53,Handoff-HB,TakeHandoff; Off Guard Left,WaitForContact,Block-FS,Block-SS,Block-LCB,WaitForContact,Block-NT,Block-LE,Block-RE,Block-LOLB
16, Handoff-HB,TakeHandoff; Off Guard Left,Block-RILB,Block-FS,ChopBlock-SS,Block-LCB,Block-LILB,Block-NT,Block-LE,Block-RE,Block-LOLB
54,Handoff-HB,Sweep Left,q,Block-RCB,Block-FS,Block-SS,q,q,q,q,q
17,Handoff-HB,Sweep Left,q,Block-RCB,Block-FS,Block-SS,q,q,q,q,q
55,Pitch-FB Right,Block Right Sweep,Take-Pitch; Sweep Right,SetToBlock,Block-LCB,Block-LOLB,Block-LILB,Block-NT,q,Block-RE,Block-LE
15,Pitch-FB,Block Right Sweep,Take-Pitch; Sweep Right,SetToBlock,Boost-HP(10); Block-LCB,Block-LOLB,Block-LILB,Block-NT,q,Block-RE,Block-LE
18,Handoff-HB,Handoff-Middle,Boost-RP(09);SetToBlock;LeadBlock-Middle,SetToBlock,Block-LOLB,Block-ROLB,Block-NT,Block-RILB,Block-LILB,Block-RE,Block-LE
56,Handoff-HB,Off Guard Left,Boost-HP(10);Block-ROLB;, Block-RCB,?,q,q,q,q,q,WaitForContact
19, Handoff-HB,Off Guard Left,q,Boost-HP(10);Block-RCB;,SetToBlock;PassBlock,,q,q,q,q,q
1A,Delay Handoff-HB middle,Delay Handoff Middle,Block-RILB,Block-FS,Block-SS,Block-LILB,PassBlock,PassBlock,PassBlock,PassBlock,PassBlock
1B,Pitch-HB Left,Take Left Pitch; Fake Handoff WR1;,q,Move around;WaitForContact,Block-FS,q,PassBlock,PassBlock,PassBlock,PassBlock,PassBlock
1, Handoff-HB,Sweep Right,Block-SS,Block-FS,Block-LCB,Block-LOLB,q,WaitForContact,x,q,Block-LE
1C,Handoff-HB,Sweep Right,Block-SS,Block-FS,Block-LCB,Block-LOLB,q,q,q,q, Block-LE
0,Handoff-HB,Sweep Right,Block-SS,Block-FS,Block-LCB,Block-LOLB,q,WaitForContact, Block-LILB,q,Block-LE
2, Handoff-HB,Sweep Right,Block-RILB,Boost-HP(10);Block-FS,Block-SS,q,25%Block-LILB//DoNothing,Block-NT,Block-LE,q,Block-LOLB
1D,Handoff-HB,Sweep Right,Block-RILB,Boost-HP(10);Block-FS,ChopBlock-SS,,Block-LILB,Block-NT,Block-LE,q,Block-LOLB
3,Handoff-HB,Off Tackle Right,Block-LOLB,SetToBlock,Block-SS,Block-ROLB,q,q,31%Block-LILB//WaitForContact,,Block-LE
1E,Handoff-HB,Off Tackle Right,Block-LOLB,SetToBlock,56%ChopBlock-SS//Block-SS,Block-ROLB,q,q,q,q,Block-LE
1F,Handoff-HB,Sweep Right,Sweep Right Block,Block-RCB,Block-SS,q,q,q,q,q,Block-LOLB
4,WaitForContact,ShotgunTakeSnap,43%Block-FS//WaitForContact,43%Block-RCB//WaitForContact,43%Block-LCB//WaitForContact,43%Block-SS//WaitForContact,PassBlock,q,q,Block-RILB, Block-LILB
20,WaitForContact,ShotgunTakeSnap,Block-FS,Block-RCB,Block-LCB,Block-SS,PassBlock,q,q,Block-RILB, Block-LILB
5,Pitch-HB Right,Take Right Pitch, Block-RE,SetToBlock,31%ChopBlock-SS//Block-SS,Block-LOLB,31%Block-LILB//WaitForContact,56%WaitForContact//PassBlock,Pull Right; Block-LCB,Block-NT,Block-LE
22,Pitch-HB Right,Take Right Pitch, Block-RE,SetToBlock,31%ChopBlock-SS//Block-SS,Block-LOLB,Block-LILB,Pull right; Passblock,Pull Right; Block-LCB,Block-NT,Block-LE
7,Handoff-FB,MoveDown; WaitForContact,Take-Handoff; Run Left, Block-FS,Block-SS,Block-ROLB,q,q,WaitForContact,q,25%Block-LILB//WaitForContact
21,Handoff-FB,WaitForContact,Take-Handoff; Run Left,Boost-HP(10);//Block-FS,Block-SS,Boost-HP(10);Block-ROLB,,,Pull Left; Passblock,,Block-LILB
6,Handoff-FB,WaitForContact,Take-Handoff; Run Left, Block-FS,Block-SS,Boost-HP(10);Block-ROLB,,,Pull Left; Passblock,,25%Block-LILB//WaitForContact
8,Handoff-FB Left,Block LCB,Off Tackle Left,Block-RCB,63%Boost-HP(10);Block-ROLB//Block-ROLB,,,,q,q,31%Block-LILB//WaitForContact
24,Handoff-FB,Block LCB,Off Tackle Left,Boost-HP(10);Block-RCB,63%Boost-HP(10);Block-ROLB//Block-ROLB,,,,q,q,Block-LILB
9,Handoff-FB,Move Right; WaitForContact,Off Tackle Left,Block-FS,Block-SS,62%Boost-HP(10);Block-ROLB,,,q,q,31%Block-LILB//WaitForContact
26,Handoff-FB,Move Right; WaitForContact,Off Tackle Left,Boost-HP(10);Block-FS;,Block-SS,62%Boost-HP(10);Block-ROLB,,,q,q,Block-LILB
B,Pitch-FB left,Block-ROLB,Pitch Left, Block-FS, Block-SS,PassBlock,Block-RILB,q,WaitForContact,q,31%Block-LILB//WaitForContact
27,Pitch-FB left,Block-ROLB,Pitch Left,Boost-HP(10);Block-FS, Block-SS,PassBlock,Block-RILB,q,Pull Left; Passblock,q,Block-LILB
A,Pitch-FB left,Block-ROLB,Pitch Left, Block-FS, Block-SS,PassBlock,Block-RILB,q,Pull Left; Passblock,q,31%Block-LILB//WaitForContact
C,Pitch-HB left,Take Pitch Left;Handoff-WR1;Block-RCB ,Block-SS,TakeHandoff; ReverseLtoR,56%Block-LCB//Boost-HP(10);Block-LCB,31%Block-LOLB//PassBlock,PassBlock,PassBlock,PassBlock,PassBlock,31%Block-LILB//Passblock
23,Pitch-HB left,Take Pitch Left;Handoff-WR1;Block-RCB ,Block-SS,TakeHandoff; ReverseLtoR,56%Block-LCB//Boost-HP(10);Block-LCB,Block-LOLB,PassBlock,PassBlock,PassBlock,PassBlock,Block-LILB
D, Handoff-HB;Block-RCB;,TakeHandoff; SweepR; Handoff-WR2,Block-ROLB,Block-FS,TakeHandoff; ReverseRtoL,Block-LOLB,q,q,q,q,q
25, Handoff-HB;Block-RCB;,TakeHandoff; SweepR; Handoff-WR2,Block-ROLB,Boost-HP(10);Block-FS;,TakeHandoff; ReverseRtoL,Block-LOLB,q,q,Block-LILB,q,q
E,QB sweep Left,MoveAround; WaitForContact, Block-ROLB,Block-FS,??,Block-SS,q,Block-RILB,Block-RCB,q,31%Block-LILB//Passblock
2A,QB sweep Left,MoveAround; WaitForContact, Block-ROLB,Boost-HP(10);Block-FS,??,Block-SS,q,Block-RILB,Block-RCB,q,Block-LILB
2D,Pitch-FB Left,Passblock-middle,Take LeftPtitch,Boost-HP(10);Boost-HP(10);Block-ROLB;,??,Block-LILB,q,q,x,q,Block-RILB
F,Pitch-FB Left,Passblock-middle,Take LeftPtitch,Boost-HP(10);Boost-HP(10);Block-ROLB;,??,Block-LILB,q,q,x,q,Block-RILB
2E,QB Keeper middle,WaitForContact,56%Block ROLB//Block FS,Block-RCB,Block-LCB,56%Block-LOLB//Block-SS,q,q,Block-RILB,q,q
57,QB Keeper middle,WaitForContact,56%Block ROLB//Block FS,Block-RCB,Block-LCB,56%Block-LOLB//Block-SS,q,56% Block-NT//Block-RILB,Block-RILB,q,56%Block-LE//Block-LILB
29,Handoff-HB middle,Dive Middle,Run middle; Block,SetToBlock,PassBlock,Block-LOLB,q,q,q,q,q
28,Handoff-FB Middle,Decoy sweep right,Handoff middle,SetToBlock,Block-LOLB,Block-ROLB,q,q,q,q,q
2B,Handoff-FB Middle,Lead block middle,Handoff middle,SetToBlock,PassBlock,Block-LOLB,q,q,q,q,q
58,Shotgun Draw-FB-Pitch,Block-FS,Shotgun Draw,43%Block-RCB//WaitForContact,Block-LCB,43%Block-SS//WaitForContact,q,q,q,q,q
2C,Shotgun Draw-FB-Pitch,Block-FS,Shotgun Draw, Block-RCB,Block-LCB,q,q,q,q,q,q
59,Handoff-HB left,Take-Handoff; Handoff-WR1,Reverse LtoR,Reverse,Block-SS,Block-ROLB,q,q,WaitForContact,q,q
2F,Handoff-HB left,Take-Handoff; Handoff-WR1,Reverse LtoR,Reverse,Block-SS,Boost-HP(10);Block-ROLB,q,q,Passblock,q,q
